cat,name,link
Fake Yucca Plants,LJY 2 Pieces Realistic Artificial Faux Succulent Yucca Vera Greenhouse Small Plants Unpotted for Home Garden Decoration (Spring Green),https://www.fake-plants.co.uk/product/ljy-2-pieces-realistic-artificial-faux-succulent-yucca-vera-greenhouse-small-plants-unpotted-for-home-garden-decoration-spring-green/
Fake Bush,Huaesin 4 Pieces Artificial Faux Plants,https://www.fake-plants.co.uk/product/huaesin-4pcs-artificial-fern-outdoor-faux-fern-plants-fake-boston-fern-plants-plastic-greenery-bushes-shrubs-bundles-patio-basket-pot-hanging-garden-planter-indoor-outside-decor-40cm/
Fake Hydrangea Plant,"Decpro 6Pcs Artificial Hydrangeas, 6.6” Single Stem Hydrangea Silk Flowers for Bridal Wedding Bouquets, Home, Office, Hotel, Party Decoration, Centerpieces, Floral Arrangements (Purple)",https://www.fake-plants.co.uk/product/decpro-6pcs-artificial-hydrangeas-6-6-single-stem-hydrangea-silk-flowers-for-bridal-wedding-bouquets-home-office-hotel-party-decoration-centerpieces-floral-arrangements-purple/
Fake Hydrangea Plant,"Famibay Hydrangea Fake Flowers 3 Pcs Artificial Flowers Bouquet Wedding Party Floral Décor Hydrangea Flower for Garden (3Pcs, Blue)",https://www.fake-plants.co.uk/product/famibay-hydrangea-fake-flowers-3-pcs-artificial-flowers-bouquet-wedding-party-floral-decor-hydrangea-flower-for-garden-3pcs-blue/
Fake Hydrangea Plant,FiveSeasonStuff Real Touch Petals and Leaves Artificial Hydrangea Flowers Long Stem Floral Arrangement | for Wedding Bridal Party Home Décor DIY Floral Decoration | 2 Stems (White | Pale Green),https://www.fake-plants.co.uk/product/fiveseasonstuff-real-touch-petals-and-leaves-artificial-hydrangea-flowers-long-stem-floral-arrangement-for-wedding-bridal-party-home-decor-diy-floral-decoration-2-stems-white-pale-green/
Fake Hydrangea Plant,"SNAILGARDEN 30 Heads Artificial Hydrangea Flower,5 Packs Silk Realistic Hydrangea Bunch Bouquet with Greeting Card for Wedding Party Decoration Arrangement Gift(White,Blue,Green,Pink,Purple)",https://www.fake-plants.co.uk/product/snailgarden-30-heads-artificial-hydrangea-flower5-packs-silk-realistic-hydrangea-bunch-bouquet-with-greeting-card-for-wedding-party-decoration-arrangement-giftwhitebluegreenpinkpurple/
Fake Hydrangea Plant,"Tifuly Artificial Hydrangea Flower, 5 PCS Realistic Single Long Stem Silk 6.6 Inch Flower Head Hydrangea Bouquets for Wedding, Home, Hotel, Party Decoration, Floral Arrangement(White)",https://www.fake-plants.co.uk/product/tifuly-artificial-hydrangea-flower-5-pcs-realistic-single-long-stem-silk-6-6-inch-flower-head-hydrangea-bouquets-for-wedding-home-hotel-party-decoration-floral-arrangementwhite/
Fake Hydrangea Plant,"VINFUTUR 3 Bunches Artificial Peony Silk Flowers Fake Peony Silk Hydrangea Bouquet Bridal Bouquet for Wedding, Party, Home Decoration (White)",https://www.fake-plants.co.uk/product/vinfutur-3-bunches-artificial-peony-silk-flowers-fake-peony-silk-hydrangea-bouquet-bridal-bouquet-for-wedding-party-home-decoration-white/
Fake Monstera Plant,DWANCE Artificial Potted Simulation Monstera Plant with Plastic anti-stone Faux Plant Turtle Back Leaf Fake Plastic Plant for Home Office Table Kitchen Shelf Bedroom Decoration Indoor Outdoor 40cm,https://www.fake-plants.co.uk/product/dwance-artificial-potted-simulation-monstera-plant-with-plastic-anti-stone-faux-plant-turtle-back-leaf-fake-plastic-plant-for-home-office-table-kitchen-shelf-bedroom-decoration-indoor-outdoor-40cm/
Fake Monstera Plant,FloralStem 100 cm Artificial Monstera Plant Tropical Potted,https://www.fake-plants.co.uk/product/floralstem-100-cm-artificial-monstera-plant-tropical-potted/
Fake Monstera Plant,"Leaf Artificial Monstera Plant, 120cm",https://www.fake-plants.co.uk/product/leaf-artificial-monstera-plant-120cm/
Fake Monstera Plant,Leaf LEAF-7068 Artificial Monstera Plant 60cm Black Pot,https://www.fake-plants.co.uk/product/leaf-leaf-7068-artificial-monstera-plant-60cm-black-pot/
Fake Monstera Plant,"Leaf LEAF-7539 70cm Artificial Twisted Stem Plant, Monstera Vine",https://www.fake-plants.co.uk/product/leaf-leaf-7539-70cm-artificial-twisted-stem-plant-monstera-vine/
Fake Monstera Plant,"Leaf LEAF-7540 90cm Artificial Twisted Stem Plant, Monstera Vine",https://www.fake-plants.co.uk/product/leaf-leaf-7540-90cm-artificial-twisted-stem-plant-monstera-vine/
Fake Dracaena Plant,"artplants.de Artificial Bush of Dracaena in decorative pot, green, 7ft/215cm – Fake dracaena/Decorative plant",https://www.fake-plants.co.uk/product/artplants-de-artificial-bush-of-dracaena-in-decorative-pot-green-7ft-215cm-fake-dracaena-decorative-plant/
Fake Dracaena Plant,"artplants.de Artificial Dracaena marginata RADO, green-red, 6ft/180cm – Plastic dracaena/Decoration plant",https://www.fake-plants.co.uk/product/artplants-de-artificial-dracaena-marginata-rado-green-red-6ft-180cm-plastic-dracaena-decoration-plant/
Fake Dracaena Plant,"artplants.de Artificial dracaena reflexa PHILOMENA, real trunks, green, 160cm – Faux dracaena/Imitation plant",https://www.fake-plants.co.uk/product/artplants-de-artificial-dracaena-reflexa-philomena-real-trunks-green-160cm-faux-dracaena-imitation-plant/
Fake Dracaena Plant,"artplants.de Plastic Dracaena Fragrans Compact, 4ft/120cm – Artificial Dracaena – Office Decoration",https://www.fake-plants.co.uk/product/artplants-de-plastic-dracaena-fragrans-compact-4ft-120cm-artificial-dracaena-office-decoration/
Fake Dracaena Plant,"Geko Artificial Dracaena Marginata tree, 120cm",https://www.fake-plants.co.uk/product/geko-artificial-dracaena-marginata-tree-120cm/
Fake Dracaena Plant,"Leaf Ceramic Drip Glazed Planter with Artificial Plant, green dracaena, 20cm, LEAF-7437",https://www.fake-plants.co.uk/product/leaf-ceramic-drip-glazed-planter-with-artificial-plant-green-dracaena-20cm-leaf-7437/
Fake Orchid Plant,15″ Artificial Phalaenopsis Flowers Arrangement Artificial Orchid Bonsai in Silver Pot Fake Flowers Silk Orchid Flower for Table Centerpieces Living Room Home Décor,https://www.fake-plants.co.uk/product/15-artificial-phalaenopsis-flowers-arrangement-artificial-orchid-bonsai-in-silver-pot-fake-flowers-silk-orchid-flower-for-table-centerpieces-living-room-home-decor/
Fake Orchid Plant,Artificial Orchid White Orchid Plant Silk Flowers Real Touch Fake Orchid Artificial Flowers Bonsai With Silver Ceramic Vase Artificial Potted Plant For Home Bedroom Kitchen Bathroom Table Decoration,https://www.fake-plants.co.uk/product/artificial-orchid-white-orchid-plant-silk-flowers-real-touch-fake-orchid-artificial-flowers-bonsai-with-silver-ceramic-vase-artificial-potted-plant-for-home-bedroom-kitchen-bathroom-table-decoration/
Fake Orchid Plant,"Briful Artificial Flower Orchid Flowers Plant Silk Phalaenopsis in Silver Ceramic Pot for Wedding Dinning Table Centerpiece Home Decor, Pink Lifelike Fake Flower",https://www.fake-plants.co.uk/product/briful-artificial-flower-orchid-flowers-plant-silk-phalaenopsis-in-silver-ceramic-pot-for-wedding-dinning-table-centerpiece-home-decor-pink-lifelike-fake-flower/
Fake Orchid Plant,FagusHome 32 Inches Artificial Phalaenopsis Flowers 4 Pcs with 2 bundles Leaves Artificial Orchid Flowers Stem Plants for Home Décor (White),https://www.fake-plants.co.uk/product/fagushome-32-inches-artificial-phalaenopsis-flowers-4-pcs-with-2-bundles-leaves-artificial-orchid-flowers-stem-plants-for-home-decor-white/
Fake Orchid Plant,HOMESCAPES Large Artificial Pink Orchid in Pot 82 m Tall Lifelike Faux Orchid Plant In Grey Cement Pot Real Touch Silk Flowers and Green Leaves Phalaenopsis Orchid Flower for Indoor Decoration,https://www.fake-plants.co.uk/product/homescapes-large-artificial-pink-orchid-in-pot-82-m-tall-lifelike-faux-orchid-plant-in-grey-cement-pot-real-touch-silk-flowers-and-green-leaves-phalaenopsis-orchid-flower-for-indoor-decoration/
Fake Fern Plant,4 PCS Artificial Boston Fern Branches Fern Shrubs Leaf Spray Faux Greenery Artificial Plant for Home Garden Wedding Decoration Floral Arrangement,https://www.fake-plants.co.uk/product/4-pcs-artificial-boston-fern-branches-fern-shrubs-leaf-spray-faux-greenery-artificial-plant-for-home-garden-wedding-decoration-floral-arrangement/
Fake Fern Plant,DXLing 2 Pieces 80cm Fake Ferns Plants Artificial Ivy Garland Fake Boston Ferns Persian Rattan Artificial Hanging Plants Faux Plants Artificial Hanging Vines Plants for Wall Wedding Hanging Decoration,https://www.fake-plants.co.uk/product/dxling-2-pieces-80cm-fake-ferns-plants-artificial-ivy-garland-fake-boston-ferns-persian-rattan-artificial-hanging-plants-faux-plants-artificial-hanging-vines-plants-for-wall-wedding-hanging-decoration/
Fake Bush,Huaesin 4 Pieces Artificial Faux Plants,https://www.fake-plants.co.uk/product/huaesin-4pcs-artificial-fern-outdoor-faux-fern-plants-fake-boston-fern-plants-plastic-greenery-bushes-shrubs-bundles-patio-basket-pot-hanging-garden-planter-indoor-outside-decor-40cm/
Fake Fern Plant,"Leaf LEAF-7050 Artificial Bird’s Nest Fern Plant Black Plastic Pot, 60cm",https://www.fake-plants.co.uk/product/leaf-leaf-7050-artificial-birds-nest-fern-plant-black-plastic-pot-60cm/
Fake Fern Plant,LumenTY 6 Pcs Artificial Fern Bush Plants Shrubs Greenery Artificial plant Faux Plastic Green Plant Decoration for Indoor and Outdoor Home Dining Table Garden Office Balcony Wedding Party Decoration,https://www.fake-plants.co.uk/product/lumenty-6-pcs-artificial-fern-bush-plants-shrubs-greenery-artificial-plant-faux-plastic-green-plant-decoration-for-indoor-and-outdoor-home-dining-table-garden-office-balcony-wedding-party-decoration/
Fake Fern Plant,Silk Giant Boston Fern Bush – Green Artificial Plant,https://www.fake-plants.co.uk/product/silk-giant-boston-fern-bush-green-artificial-plant/
Fake Sansevieria Plant,Artificial Plants Sansevieria Snake Plant with Black Plastic Planter Greenery Perfect Faux Agave Fake Plants in Pot for Home Office Indoor and Outdoo Décor (13.4″ / 7 Leaves),https://www.fake-plants.co.uk/product/artificial-plants-sansevieria-snake-plant-with-black-plastic-planter-greenery-perfect-faux-agave-fake-plants-in-pot-for-home-office-indoor-and-outdoo-decor-13-4-7-leaves/
Fake Sansevieria Plant,Artificial Snake Plants 30″ Faux Agave Fake Sansevieria Artificial Silk Plant for Home Garden Office Store Decoration 4 Pcs (Yellow),https://www.fake-plants.co.uk/product/artificial-snake-plants-30-faux-agave-fake-sansevieria-artificial-silk-plant-for-home-garden-office-store-decoration-4-pcs-yellow/
Fake Sansevieria Plant,"Briful Artificial Snake Plant 16″/40.6CM Fake Sansevieria Faux Plants in White Ceramic Pot, Perfect for Indoor Outdoor Home Office Garden Modern Desk Decoration",https://www.fake-plants.co.uk/product/briful-artificial-snake-plant-16-40-6cm-fake-sansevieria-faux-plants-in-white-ceramic-pot-perfect-for-indoor-outdoor-home-office-garden-modern-desk-decoration/
Fake Sansevieria Plant,"Fycooler Artificial Plants Sansevieria,40cm Faux Snakeplant Sansevieria Laurentii Plant, Mother in Laws Tongue Plant Fake Agave Snake Plant Indoor Greenery Home Office Décor Potted Sansevieria Plant",https://www.fake-plants.co.uk/product/fycooler-artificial-plants-sansevieria40cm-faux-snakeplant-sansevieria-laurentii-plant-mother-in-laws-tongue-plant-fake-agave-snake-plant-indoor-greenery-home-office-decor-potted-sansevieria-plant/
Fake Sansevieria Plant,"Leaf LEAF-7087 Design UK Artificial Sansevieria Yellow Green Indoor Snake Plant, 55cm",https://www.fake-plants.co.uk/product/leaf-leaf-7087-design-uk-artificial-sansevieria-yellow-green-indoor-snake-plant-55cm/
Fake Sansevieria Plant,"Leaf LEAF-7100 Design UK Artificial Sansevieria Yellow Green Indoor Snake Plant, 90cm",https://www.fake-plants.co.uk/product/leaf-leaf-7100-design-uk-artificial-sansevieria-yellow-green-indoor-snake-plant-90cm/
Fake Strelitzia Plant,3 ft Artificial Bird of Paradise Plant Tropical Potted Strelitzia Flowers,https://www.fake-plants.co.uk/product/3-ft-artificial-bird-of-paradise-plant-tropical-potted-strelitzia-flowers/
Fake Strelitzia Plant,5 ft Artificial Bird of Paradise Plant Tropical Potted Strelitzia Flowers,https://www.fake-plants.co.uk/product/5-ft-artificial-bird-of-paradise-plant-tropical-potted-strelitzia-flowers/
Fake Strelitzia Plant,Artificial Potted Plant for Indoor Use Modern Plastic Decoration with Black Pot Strelitzia Tree,https://www.fake-plants.co.uk/product/artificial-potted-plant-for-indoor-use-modern-plastic-decoration-with-black-pot-strelitzia-tree/
Fake Strelitzia Plant,"artplants.de Fake plant Strelitzia PAVLOVA, green, 6ft/190cm – Silk bird of paradise/Fake crane flower plant",https://www.fake-plants.co.uk/product/artplants-de-fake-plant-strelitzia-pavlova-green-6ft-190cm-silk-bird-of-paradise-fake-crane-flower-plant/
Artificial Topiary Trees,2 x Artificial Topiary Boxwood Spiral Trees (5ft/150cm),https://www.fake-plants.co.uk/product/2-x-artificial-topiary-boxwood-spiral-trees-5ft-150cm/
Fake Tongue Plant,3ft Artificial Tree in Gloss Black Milano Pot – 1 x Mother in Law’s Tongue / Snake Plant,https://www.fake-plants.co.uk/product/3ft-artificial-tree-in-gloss-black-milano-pot-1-x-mother-in-laws-tongue-snake-plant/
Fake Sansevieria Plant,"Fycooler Artificial Plants Sansevieria,40cm Faux Snakeplant Sansevieria Laurentii Plant, Mother in Laws Tongue Plant Fake Agave Snake Plant Indoor Greenery Home Office Décor Potted Sansevieria Plant",https://www.fake-plants.co.uk/product/fycooler-artificial-plants-sansevieria40cm-faux-snakeplant-sansevieria-laurentii-plant-mother-in-laws-tongue-plant-fake-agave-snake-plant-indoor-greenery-home-office-decor-potted-sansevieria-plant/
Fake Tongue Plant,"Royal Imports Artificial Sansevieria Leaf Plant, Life-Like Snake Plant Faux Mother-in-Law Tongue Tree, Dark Green in Decorative Planter – 19″ Tall",https://www.fake-plants.co.uk/product/royal-imports-artificial-sansevieria-leaf-plant-life-like-snake-plant-faux-mother-in-law-tongue-tree-dark-green-in-decorative-planter-19-tall/
Fake Cherry Blossom Tree,"BCXGS Artificial Cherry Blossom Flowers for Home Wedding Party Garden Office Decoration Silk Plants, Big Tree Fake Vines Flowers",https://www.fake-plants.co.uk/product/bcxgs-artificial-cherry-blossom-flowers-for-home-wedding-party-garden-office-decoration-silk-plants-big-tree-fake-vines-flowers/
Fake Cherry Blossom Tree,XHN Beautiful Artificial Flower Pink Large Simulation Cherry Blossom Tree for Wedding Party Indoor and Outdoor Home Decoration(3m),https://www.fake-plants.co.uk/product/xhn-beautiful-artificial-flower-pink-large-simulation-cherry-blossom-tree-for-wedding-party-indoor-and-outdoor-home-decoration3m/
Fake Cherry Blossom Tree,YLLSQ Artificial Cherry Blossom Trees Pure White Cherry Blossom Tree Arch Pink Fake Sakura Flowers Indoor Outdoor Home (10FT/3m),https://www.fake-plants.co.uk/product/yllsq-artificial-cherry-blossom-trees-pure-white-cherry-blossom-tree-arch-pink-fake-sakura-flowers-indoor-outdoor-home-10ft-3m/
Fake Ficus Trees,"GreenBrokers Artificial Variegated Ficus Tree 4ft, Potted Plant",https://www.fake-plants.co.uk/product/greenbrokers-artificial-variegated-ficus-tree-4ft-potted-plant/
Fake Ficus Trees,"Leaf 120cm Premium Artificial Twist Tree, Dark Bushy Ficus",https://www.fake-plants.co.uk/product/leaf-120cm-premium-artificial-twist-tree-dark-bushy-ficus/
Fake Ficus Trees,"Leaf 140cm Realistic Artificial Japanese Fruticosa Ficus Tree, Green &amp Black",https://www.fake-plants.co.uk/product/leaf-140cm-realistic-artificial-japanese-fruticosa-ficus-tree-green-amp-black/
Fake Ficus Trees,"Leaf Artificial Ficus Tree, White Edge Twist, 130cm",https://www.fake-plants.co.uk/product/leaf-artificial-ficus-tree-white-edge-twist-130cm/
Fake Evergreen Trees,"Leaf Artificial Tree, Evergreen Ficus, 110cm",https://www.fake-plants.co.uk/product/leaf-artificial-tree-evergreen-ficus-110cm/
Fake Evergreen Trees,"Leaf 100cm Large Fox’s Aglaonema (Spotted Evergreen) Tree Artificial Plant, Green & Silver",https://www.fake-plants.co.uk/product/leaf-100cm-large-foxs-aglaonema-spotted-evergreen-tree-artificial-plant-green-silver/
Fake Evergreen Trees,"Leaf Artificial Tree, Evergreen Ficus, 110cm",https://www.fake-plants.co.uk/product/leaf-artificial-tree-evergreen-ficus-110cm/
Fake Evergreen Trees,Leaf Design UK 95cm Umbrella Tree Dark Green-Extra Large Artificial Evergreen Ficus Plant Black Plastic Pot,https://www.fake-plants.co.uk/product/leaf-design-uk-95cm-umbrella-tree-dark-green-extra-large-artificial-evergreen-ficus-plant-black-plastic-pot/
Fake Evergreen Trees,"momoplant Artificial Indoor Plant Decor, 47inch/120cm Evergreen Taro Palm Tree for Home Office",https://www.fake-plants.co.uk/product/momoplant-artificial-indoor-plant-decor-47inch-120cm-evergreen-taro-palm-tree-for-home-office/
Fake Lemon Tree,jinyi2016SHOP Artificial Potted Plants Artificial Lemon Tree Plant Artificial Plant Lemon Tree in Weave Pot Potted Fake Plants Flower Home Party Garden Decoration Faux Plants Decor,https://www.fake-plants.co.uk/product/jinyi2016shop-artificial-potted-plants-artificial-lemon-tree-plant-artificial-plant-lemon-tree-in-weave-pot-potted-fake-plants-flower-home-party-garden-decoration-faux-plants-decor/
Artificial Alstroemeria Flower,Autumn Cream Alstroemeria Lily Spray,https://www.fake-plants.co.uk/product/autumn-cream-alstroemeria-lily-spray/
Artificial Alstroemeria Flower,FloristryWarehouse Artificial Alstroemeria Bundle Cream 33cm x 5 Stems,https://www.fake-plants.co.uk/product/floristrywarehouse-artificial-alstroemeria-bundle-cream-33cm-x-5-stems/
Fake Tree Branches,"20 Pcs Artificial Eucalyptus Stems Leaves Faux Eucalyptus Leaves Branches Garland Faux Flowers Plants for Flower Arrangement, Wedding, Home, Garden, Table Centerpiece, Party Decoration",https://www.fake-plants.co.uk/product/20-pcs-artificial-eucalyptus-stems-leaves-faux-eucalyptus-leaves-branches-garland-faux-flowers-plants-for-flower-arrangement-wedding-home-garden-table-centerpiece-party-decoration/
Fake Bush,HUAESIN 2 Pcs Fake Plants Outdoor Artificial Shrubs Bundles Plants Faux Plastic Plants Greenery Bushes Home Kitchen Office Garden Windowsill Table Centerpieces Arrangements Indoor Outside Decor,https://www.fake-plants.co.uk/product/huaesin-2-pcs-fake-plants-outdoor-artificial-shrubs-bundles-plants-faux-plastic-plants-greenery-bushes-home-kitchen-office-garden-windowsill-table-centerpieces-arrangements-indoor-outside-decor/
Fake Bush,Huaesin 4 Pieces Artificial Faux Plants,https://www.fake-plants.co.uk/product/huaesin-4pcs-artificial-fern-outdoor-faux-fern-plants-fake-boston-fern-plants-plastic-greenery-bushes-shrubs-bundles-patio-basket-pot-hanging-garden-planter-indoor-outside-decor-40cm/
Fake Bush,NAHUAA 4Pcs Outdoor Fake Plants UV Resistant Artificial Greenery Bush Faux Plastic Shrubs for Table Centerpieces Arrangements Indoor Home Kitchen Office Windowsill Decorations,https://www.fake-plants.co.uk/product/nahuaa-4pcs-outdoor-fake-plants-uv-resistant-artificial-greenery-bush-faux-plastic-shrubs-for-table-centerpieces-arrangements-indoor-home-kitchen-office-windowsill-decorations/
Artificial Eucalyptus Plant,"2Pcs Artificial Potted Plants Fake Vine Hanging Leaves, Faux Plants Artificial Eucalyptus Vine in Pot Room Scenes Decorative Home Kitchen Garden Office Wedding Wall Decoration",https://www.fake-plants.co.uk/product/2pcs-artificial-potted-plants-fake-vine-hanging-leaves-faux-plants-artificial-eucalyptus-vine-in-pot-room-scenes-decorative-home-kitchen-garden-office-wedding-wall-decoration/
Fake Tree Branches,"Beferr 12 Pcs Artificial Eucalyptus Stems Leaves Faux Eucalyptus Branches, Artificial Flowers Greenery for Flower Arrangement, Home Wedding Party Decoration – Green",https://www.fake-plants.co.uk/product/beferr-12-pcs-artificial-eucalyptus-stems-leaves-faux-eucalyptus-branches-artificial-flowers-greenery-for-flower-arrangement-home-wedding-party-decoration-green/
Artificial Eucalyptus Plant,"Belle Vous Mini Potted Artificial Eucalyptus Plants (3 Pack) – Small Faux Plastic Greenery In Pots – Fake Indoor Plants for Office Desk, Home, Kitchen, Garden, Table & Bathroom/Shower Room Decoration",https://www.fake-plants.co.uk/product/belle-vous-mini-potted-artificial-eucalyptus-plants-3-pack-small-faux-plastic-greenery-in-pots-fake-indoor-plants-for-office-desk-home-kitchen-garden-table-bathroom-shower-room-decorat/
Artificial Eucalyptus Plant,"Briful 3 Packs Small Artificial Plants Fake Plants in Cement Pots, Decorative Artificial Plants Eucalyptus Artificial Grass for Bedroom Bathroom Shelf Home Decoration",https://www.fake-plants.co.uk/product/briful-3-packs-small-artificial-plants-fake-plants-in-cement-pots-decorative-artificial-plants-eucalyptus-artificial-grass-for-bedroom-bathroom-shelf-home-decoration/
Fake Bush,Omldggr 12 Bundles Artificial Plants Grass Plastic Greenery Shrub Bushes Plastic Wheat Grass for Indoor Outdoor Home Garden Decoration,https://www.fake-plants.co.uk/product/omldggr-12-bundles-artificial-plants-grass-plastic-greenery-shrub-bushes-plastic-wheat-grass-for-indoor-outdoor-home-garden-decoration/
Artificial Eucalyptus Plant,Decorative Artificial Plants in Pots Set of 4 – Small Plastic Fake Plants Indoor with Pot – Eucalyptus Rosemary Succulents Mini Faux Plants for Wall Desk Bedroom Decoration,https://www.fake-plants.co.uk/product/decorative-artificial-plants-in-pots-set-of-4-small-plastic-fake-plants-indoor-with-pot-eucalyptus-rosemary-succulents-mini-faux-plants-for-wall-desk-bedroom-decoration/
Artificial Lillies,Best Artificial 45cm Stargazer Lillies 10 Head Flower lily Spray Bunch (Dark Pink),https://www.fake-plants.co.uk/product/best-artificial-45cm-stargazer-lillies-10-head-flower-lily-spray-bunch-dark-pink/
Artificial Lillies,FiveSeasonStuff 12 Stems of Artificial White Lily of the Valley Flowers for Home Decorating Wedding Bouquet 38cm (15 inches),https://www.fake-plants.co.uk/product/fiveseasonstuff-12-stems-of-artificial-white-lily-of-the-valley-flowers-for-home-decorating-wedding-bouquet-38cm-15-inches/
Artificial Lillies,"FiveSeasonStuff 6 Long Stems of Real Touch Artificial White Calla Lily Flowers & Bouquet, for Home Shop Office Restaurant Wedding Party Décor/DIY Flower Arrangement Decoration, 64cm (25.2 inches)",https://www.fake-plants.co.uk/product/fiveseasonstuff-6-long-stems-of-real-touch-artificial-white-calla-lily-flowers-bouquet-for-home-shop-office-restaurant-wedding-party-decor-diy-flower-arrangement-decoration-64cm-25-2-inches/
Artificial Lillies,"KIRIFLY Artificial Flowers,Artificial Plants Outdoor 6 Packs Plastic Flowers Fake Calla Lily Faux Plant UV Resistant Greenery for Garden Home Decor (Colorful)",https://www.fake-plants.co.uk/product/kirifly-artificial-flowersartificial-plants-outdoor-6-packs-plastic-flowers-fake-calla-lily-faux-plant-uv-resistant-greenery-for-garden-home-decor-colorful/
Artificial Lillies,"MEIWO Artificial flowers, 5pcs Artificial Lillies with 3 Buds, Full Bloom Artificial Latex Real Touch Flowers for Home Decor, Wedding, Parties, Offices, Restaurants(White)",https://www.fake-plants.co.uk/product/meiwo-artificial-flowers-5pcs-artificial-lillies-with-3-buds-full-bloom-artificial-latex-real-touch-flowers-for-home-decor-wedding-parties-offices-restaurantswhite/
Artificial Lillies,"Veryhome 20 Pcs Calla Lily Bridal Bouquet of Flowers Artificial Flower Head Latex Real Touch Home,Party,Wedding Decoration (White-Yellow)",https://www.fake-plants.co.uk/product/veryhome-20-pcs-calla-lily-bridal-bouquet-of-flowers-artificial-flower-head-latex-real-touch-homepartywedding-decoration-white-yellow/
Fake Dracaena Plant,"Leaf Design UK Artificial Dracaena Plant with Black Pot, Plastic, Variegated, 90cm",https://www.fake-plants.co.uk/product/leaf-design-uk-artificial-dracaena-plant-with-black-pot-plastic-variegated-90cm/
Fake Dracaena Plant,"Leaf LEAF-7069 Design UK 75cm Artificial Dracaena Plant-Wide Trunk Triple Branch Large Black Plastic Pot, Variegated",https://www.fake-plants.co.uk/product/leaf-leaf-7069-design-uk-75cm-artificial-dracaena-plant-wide-trunk-triple-branch-large-black-plastic-pot-variegated/
Fake Dracaena Plant,Nearly Natural 4ft. Corn Stalk Dracaena Silk Plant Real Touch Green 125cm Artificial Floor Potted Plants Fake Plant for Interior Home Decoration,https://www.fake-plants.co.uk/product/nearly-natural-4ft-corn-stalk-dracaena-silk-plant-real-touch-green-125cm-artificial-floor-potted-plants-fake-plant-for-interior-home-decoration/
Fake Monstera Plant,"Leaf LEAF-7542 60cm Artificial Twisted Stem Plant, Monstera Vine, 59cm",https://www.fake-plants.co.uk/product/leaf-leaf-7542-60cm-artificial-twisted-stem-plant-monstera-vine-59cm/
Fake Monstera Plant,"Leaf LEAF-7543 120cm Artificial Twisted Stem Plant, Monstera Vine",https://www.fake-plants.co.uk/product/leaf-leaf-7543-120cm-artificial-twisted-stem-plant-monstera-vine/
Fake Hydrangea Plant,"XONOR 4 Packs Artificial Silk Hydrangea Fake Bridal Bridesmaid Flower Bouquet for Wedding Party Home Decoration, 10 heads, 36cm (Green)",https://www.fake-plants.co.uk/product/xonor-4-packs-artificial-silk-hydrangea-fake-bridal-bridesmaid-flower-bouquet-for-wedding-party-home-decoration-10-heads-36cm-green/
Fake Fern Plant,XHXSTORE 2 Pack Artificial Hanging Vines Plants Boston Fern Leaves Plastic Gypsophila Flowers Fake Ivy Vine Trailing Weeping Greenery Drooping Plant Garland for Wall Indoor Outdoor Basket Decoration,https://www.fake-plants.co.uk/product/xhxstore-2-pack-artificial-hanging-vines-plants-boston-fern-leaves-plastic-gypsophila-flowers-fake-ivy-vine-trailing-weeping-greenery-drooping-plant-garland-for-wall-indoor-outdoor-basket-decoration/
Fake Fern Plant,XHXSTORE 2 Pcs Artificial Fern Plants Fake Fern Indoor Outdoor Hanging Plastic Plants Faux Shrubs Greenery Bushes Big Boston Fern for Home Garden Verandah Wedding Hanging Basket Decor 48cm,https://www.fake-plants.co.uk/product/xhxstore-2-pcs-artificial-fern-plants-fake-fern-indoor-outdoor-hanging-plastic-plants-faux-shrubs-greenery-bushes-big-boston-fern-for-home-garden-verandah-wedding-hanging-basket-decor-48cm/
Fake Sansevieria Plant,vidaXL Artificial Sansevieria Plant with Pot 65cm Green Indoor Lifelike Fake,https://www.fake-plants.co.uk/product/vidaxl-artificial-sansevieria-plant-with-pot-65cm-green-indoor-lifelike-fake/
Fake Strelitzia Plant,Large Bird of Paradise Stems – 105 cm Long Artificial Strelitzia Flowers – set of 6,https://www.fake-plants.co.uk/product/large-bird-of-paradise-stems-105-cm-long-artificial-strelitzia-flowers-set-of-6/
Fake Strelitzia Plant,Large Bird of Paradise Stems – 90 cm Long Artificial Strelitzia Flowers – 6 Stems,https://www.fake-plants.co.uk/product/large-bird-of-paradise-stems-90-cm-long-artificial-strelitzia-flowers-6-stems/
Fake Strelitzia Plant,Ola Flowers 3 x Small Bird of Paradise/Strelitzia Artificial Stems,https://www.fake-plants.co.uk/product/ola-flowers-3-x-small-bird-of-paradise-strelitzia-artificial-stems/
Fake Orchid Plant,"Homescapes Large Burgundy Orchid with Artificial Silk Flowers in Grey Stone Pot, 57cm Tall with Lifelike Petals",https://www.fake-plants.co.uk/product/homescapes-large-burgundy-orchid-with-artificial-silk-flowers-in-grey-stone-pot-57cm-tall-with-lifelike-petals/
Fake Orchid Plant,RENATUHOM Pink Flowers Artificial Orchid Bonsai Fake Orchid Plant Phalaenopsis Orchid Artificial Flowers in Vase For Decoration Home Office Table Table Centerpiece,https://www.fake-plants.co.uk/product/renatuhom-pink-flowers-artificial-orchid-bonsai-fake-orchid-plant-phalaenopsis-orchid-artificial-flowers-in-vase-for-decoration-home-office-table-table-centerpiece/
Artificial Cone Tree,2 x Artificial Trees 3ft Pyramid Cones – Indoor artificial trees – Topiary trees,https://www.fake-plants.co.uk/product/2-x-artificial-trees-3ft-pyramid-cones-indoor-artificial-trees-topiary-trees/
Artificial Cone Tree,3ft Artificial Pyramid Cone Trees Indoor Outdoor Wall Door Decoration Potted Boxwood Plant Topiary Ornamental Tree 90cm (Pair of Artificial Tree),https://www.fake-plants.co.uk/product/3ft-artificial-pyramid-cone-trees-indoor-outdoor-wall-door-decoration-potted-boxwood-plant-topiary-ornamental-tree-90cm-pair-of-artificial-tree/
Artificial Cone Tree,Artificial Tree: 3ft Pyramid Cone,https://www.fake-plants.co.uk/product/artificial-tree-3ft-pyramid-cone/
Artificial Cone Tree,"Artificial Trees – Indoor Outdoor Great Décor Tree – for Home Bedroom Wedding Party – Garden Decoration 3ft / 90cm (Set of 3 Artificial Tree, Pyramid Cone Tree)",https://www.fake-plants.co.uk/product/artificial-trees-indoor-outdoor-great-decor-tree-for-home-bedroom-wedding-party-garden-decoration-3ft-90cm-set-of-3-artificial-tree-pyramid-cone-tree/
Artificial Cone Tree,Artificial Trees 3ft Pyramid Cone Tree Artificial Topiary Plant 3 feet wood – Outdoor Indoor UK artificial trees – Topiary trees (1),https://www.fake-plants.co.uk/product/artificial-trees-3ft-pyramid-cone-tree-artificial-topiary-plant-3-feet-wood-outdoor-indoor-uk-artificial-trees-topiary-trees-1/
Artificial Cone Tree,"GreenBrokers Artificial Boxwood Topiary Cone Shaped Tree (Set of 2) 100cm, Metal Frame",https://www.fake-plants.co.uk/product/greenbrokers-artificial-boxwood-topiary-cone-shaped-tree-set-of-2-100cm-metal-frame/
Fake Ficus Trees,"Leaf Design UK 90cm Artificial Ficus Tree/Plant-Large Bushy Shape Black Plastic Pot, Green Bushy Ficus",https://www.fake-plants.co.uk/product/leaf-design-uk-90cm-artificial-ficus-tree-plant-large-bushy-shape-black-plastic-pot-green-bushy-ficus/
Fake Evergreen Trees,Leaf Design UK 95cm Umbrella Tree Dark Green-Extra Large Artificial Evergreen Ficus Plant Black Plastic Pot,https://www.fake-plants.co.uk/product/leaf-design-uk-95cm-umbrella-tree-dark-green-extra-large-artificial-evergreen-ficus-plant-black-plastic-pot/
Artificial Laurel Tree,4ft Artificial Laurel Bay Plant Indoor Topiary Trees in pot Fake Plant 120cm Artificial Bay Laurel Topiary Garden Decor Green,https://www.fake-plants.co.uk/product/4ft-artificial-laurel-bay-plant-indoor-topiary-trees-in-pot-fake-plant-120cm-artificial-bay-laurel-topiary-garden-decor-green/
Artificial Laurel Tree,"Leaf LEAF-7089 Artificial Stem Topiary Bay Tree Laurel Ball Style in Black Plastic Pot, Green Twist, 120cm (4ft)",https://www.fake-plants.co.uk/product/leaf-leaf-7089-artificial-stem-topiary-bay-tree-laurel-ball-style-in-black-plastic-pot-green-twist-120cm-4ft/
Artificial Laurel Tree,"Leaf LEAF-7207 Artificial Stem Topiary Bay Tree Laurel Ball Style in Black Plastic Pot, Green Twist, 90cm (3ft)",https://www.fake-plants.co.uk/product/leaf-leaf-7207-artificial-stem-topiary-bay-tree-laurel-ball-style-in-black-plastic-pot-green-twist-90cm-3ft/
Artificial Laurel Tree,"Leaf LEAF-7207-PAIR Pair Stem Artificial Topiary Bay Laurel Ball Trees, Green Twist, 90cm (3ft)",https://www.fake-plants.co.uk/product/leaf-leaf-7207-pair-pair-stem-artificial-topiary-bay-laurel-ball-trees-green-twist-90cm-3ft/
Artificial Laurel Tree,"Pair Of Artificial Bay Laurel Trees – 4Ft High Tree With Real Wood Trunk And Natural Leaf Indoor Or Outdoor Decorative Replica Plant 120Cm（Green,2）",https://www.fake-plants.co.uk/product/pair-of-artificial-bay-laurel-trees-4ft-high-tree-with-real-wood-trunk-and-natural-leaf-indoor-or-outdoor-decorative-replica-plant-120cm%ef%bc%88green2%ef%bc%89/
Artificial Fiddle Fig Leaf Tree,BESAMENATURE 30″ Little Artificial Fiddle Leaf Fig Tree/Faux Ficus Lyrata for Home Office Decoration,https://www.fake-plants.co.uk/product/besamenature-30-little-artificial-fiddle-leaf-fig-tree-faux-ficus-lyrata-for-home-office-decoration/
Artificial Fiddle Fig Leaf Tree,"Leaf Design UK Artificial Fiddle Fig Tree Plant Black Plastic Pot, Green, 120cm",https://www.fake-plants.co.uk/product/leaf-design-uk-artificial-fiddle-fig-tree-plant-black-plastic-pot-green-120cm/
Artificial Fiddle Fig Leaf Tree,"Leaf Design UK Artificial Fiddle Fig Tree Plant Black Plastic Pot, Green, 90cm",https://www.fake-plants.co.uk/product/leaf-design-uk-artificial-fiddle-fig-tree-plant-black-plastic-pot-green-90cm/
Artificial Christmas Trees,"artplants.de Artificial Fir tree AMOS with stand, green, 8ft/240cm, Ø 4ft/125cm – Artificial Christmas tree/Artificial Xmas tree",https://www.fake-plants.co.uk/product/artplants-de-artificial-fir-tree-amos-with-stand-green-8ft-240cm-o-4ft-125cm-artificial-christmas-tree-artificial-xmas-tree/
Artificial Fiddle Fig Leaf Tree,Leaf Design UK Artificial Realistic Plant Fiddle Fig Tree,https://www.fake-plants.co.uk/product/leaf-design-uk-artificial-realistic-plant-fiddle-fig-tree/
Artificial Fir Tree,"artplants.de Artificial snow fir SALZBURG SPEED, snow-covered, 7ft/210cm, Ø 5ft/145cm – Plastic fir tree",https://www.fake-plants.co.uk/product/artplants-de-artificial-snow-fir-salzburg-speed-snow-covered-7ft-210cm-o-5ft-145cm-plastic-fir-tree/
Artificial Christmas Trees,CHRISTOW Realistic Artificial Christmas Tree 6ft Luxury Frosted Alpine Fir (Lights & Decorations not included),https://www.fake-plants.co.uk/product/christow-realistic-artificial-christmas-tree-6ft-luxury-frosted-alpine-fir-lights-decorations-not-included/
Artificial Christmas Trees,Everlands 7 Foot Green Grandis Fir Real Look Christmas Tree 2326 Tips,https://www.fake-plants.co.uk/product/everlands-7-foot-green-grandis-fir-real-look-christmas-tree-2326-tips/
Artificial Christmas Trees,"Kaemingk Everlands Artificial Christmas Tree Snowy Grandis Fir, Pine Spruce Metal Fir Xmas Tips Realistic Traditional Natural Green Frosted Snowy 7ft (210cm), SGF-210",https://www.fake-plants.co.uk/product/kaemingk-everlands-artificial-christmas-tree-snowy-grandis-fir-pine-spruce-metal-fir-xmas-tips-realistic-traditional-natural-green-frosted-snowy-7ft-210cm-sgf-210/
Artificial Christmas Trees,"Kaemingk Xmas Everlands Frosted Artificial Grandis Fir Christmas Tree 6ft, Polyvinyl Chloride, Multi-Coloured, 7ft (210cm)",https://www.fake-plants.co.uk/product/kaemingk-xmas-everlands-frosted-artificial-grandis-fir-christmas-tree-6ft-polyvinyl-chloride-multi-coloured-7ft-210cm/
Artificial Eucalyptus Plant,Dremisland Artificial Plant Eucalyptus – Set of 3 Decorative Artificial Hanging Plants with Pots Fake Vine Hanging Leaves Decorative Home Garden Office Shelf Wall Decoration,https://www.fake-plants.co.uk/product/dremisland-artificial-plant-eucalyptus-set-of-3-decorative-artificial-hanging-plants-with-pots-fake-vine-hanging-leaves-decorative-home-garden-office-shelf-wall-decoration/
Artificial Eucalyptus Plant,Dremisland Decorative Artificial Plants in Pots Set of 5 – Small Plastic Fake Eucalyptus Plants Potted Mini Faux Succulents Plants for Office Desk Bedroom Bathroom Kitchen Home Decoration,https://www.fake-plants.co.uk/product/dremisland-decorative-artificial-plants-in-pots-set-of-5-small-plastic-fake-eucalyptus-plants-potted-mini-faux-succulents-plants-for-office-desk-bedroom-bathroom-kitchen-home-decoration/
Artificial Eucalyptus Plant,"FEJKA Artificial Potted Plant, In/outdoor Decoration Hanging [Eucalyptus 9cm]",https://www.fake-plants.co.uk/product/fejka-artificial-potted-plant-in-outdoor-decoration-hanging-eucalyptus-9cm/
Artificial Eucalyptus Plant,"GraduationMall Faux Eucalyptus Garland Plant,2 Pack 12ft Artificial Foliage Fake Leaves,Ivy Vine Greenery Garland for Wedding Party Home Decor",https://www.fake-plants.co.uk/product/graduationmall-faux-eucalyptus-garland-plant2-pack-12ft-artificial-foliage-fake-leavesivy-vine-greenery-garland-for-wedding-party-home-decor/
Artificial Eucalyptus Plant,OFFIDIX Potted Artificial Plants Faux Plastic Plants with Pots ini Plastic Eucalyptus Plants for Home Office Decoration,https://www.fake-plants.co.uk/product/offidix-potted-artificial-plants-faux-plastic-plants-with-pots-ini-plastic-eucalyptus-plants-for-home-office-decoration/
Artificial Eucalyptus Plant,YQing 2 Pcs Artificial Eucalyptus Garland Faux Eucalyptus Leaves Vines Handmade Plastic Garland Greenery Hanging Plant Wedding Arch Wall Table Party Decor,https://www.fake-plants.co.uk/product/yqing-2-pcs-artificial-eucalyptus-garland-faux-eucalyptus-leaves-vines-handmade-plastic-garland-greenery-hanging-plant-wedding-arch-wall-table-party-decor/
Artificial Topiary Trees,2 x Artificial Topiary Boxwood Spiral Trees (5ft/150cm),https://www.fake-plants.co.uk/product/2-x-artificial-topiary-boxwood-spiral-trees-5ft-150cm/
Artificial Cone Tree,2 x Artificial Trees 3ft Pyramid Cones – Indoor artificial trees – Topiary trees,https://www.fake-plants.co.uk/product/2-x-artificial-trees-3ft-pyramid-cones-indoor-artificial-trees-topiary-trees/
Fake Bamboo Trees,Artificial Bamboo Plant with Pot 120cm,https://www.fake-plants.co.uk/product/vidaxl-artificial-bamboo-plant-with-pot-120cm-green-fake-lifelike-indoor-decor/
Fake Bamboo Trees,Artificial Bamboo Tree XL 4ft,https://www.fake-plants.co.uk/product/leaf-design-uk-artificial-bamboo-plants-trees-xl-realistic-120cm-4ft-fat/
Fake Bamboo Trees,INMOZATA Artificial Bamboo Tree Artificial Tree Fake Decorative Plants 6ft/180cm High in Pot for Indoor Outdoor Garden,https://www.fake-plants.co.uk/product/inmozata-artificial-bamboo-tree-artificial-tree-fake-decorative-plants-6ft-180cm-high-in-pot-for-indoor-outdoor-garden/
Fake Bamboo Trees,INMOZATA Artificial Tree Artificial Bamboo Tree Fake Decorative Plants 5ft/150cm High in Pot for Indoor Outdoor Garden,https://www.fake-plants.co.uk/product/inmozata-artificial-tree-artificial-bamboo-tree-fake-decorative-plants-5ft-150cm-high-in-pot-for-indoor-outdoor-garden/
Fake Bamboo Trees,"Leaf Artificial Bamboo Plants Trees-XL Realistic-120cm, Natural Brown, 120cm",https://www.fake-plants.co.uk/product/leaf-artificial-bamboo-plants-trees-xl-realistic-120cm-natural-brown-120cm/
Fake Bamboo Trees,Leaf Design UK Artificial Bamboo Tree,https://www.fake-plants.co.uk/product/leaf-design-uk-artificial-bamboo-plants-trees-xl-realistic-fat-90cm/
Artificial Grass,YöL Artificial grass 1x3m garden outdoor green fake lawn astro turf 20mm pile thick,https://www.fake-plants.co.uk/product/yol-artificial-grass-1x3m-garden-outdoor-green-fake-lawn-astro-turf-20mm-pile-thick/
Fake Banyan Trees,Marko Gardening 120cm Artificial Tree Realistic Potted Indoor Outdoor Home Bamboo Olive Banyan (Pair of Trees – Artificial Banyan Tree),https://www.fake-plants.co.uk/product/marko-gardening-120cm-artificial-tree-realistic-potted-indoor-outdoor-home-bamboo-olive-banyan-pair-of-trees-artificial-banyan-tree/
Artificial Laurel Tree,4ft Artificial Laurel Bay Plant Indoor Topiary Trees in pot Fake Plant 120cm Artificial Bay Laurel Topiary Garden Decor Green,https://www.fake-plants.co.uk/product/4ft-artificial-laurel-bay-plant-indoor-topiary-trees-in-pot-fake-plant-120cm-artificial-bay-laurel-topiary-garden-decor-green/
Fake Bay Tree,"CHRISTOW Artificial Bay Tree In Pot, Large 3ft 4ft Tall Indoor Outdoor Garden Topiary Ball, Twisted Wooden Trunk, Realistic Lush Green Leaves, Home Office Restaurant, (4ft, 1 pack)",https://www.fake-plants.co.uk/product/christow-artificial-bay-tree-in-pot-large-3ft-4ft-tall-indoor-outdoor-garden-topiary-ball-twisted-wooden-trunk-realistic-lush-green-leaves-home-office-restaurant-4ft-1-pack/
Fake Bay Tree,FabFinds Artificial Topiary Tree Pyramid Bay Potted Tree Plant for Garden Patio Outdoor and Indoors – 70cm Tall,https://www.fake-plants.co.uk/product/fabfinds-artificial-topiary-tree-pyramid-bay-potted-tree-plant-for-garden-patio-outdoor-and-indoors-70cm-tall/
Artificial Laurel Tree,"Leaf LEAF-7089 Artificial Stem Topiary Bay Tree Laurel Ball Style in Black Plastic Pot, Green Twist, 120cm (4ft)",https://www.fake-plants.co.uk/product/leaf-leaf-7089-artificial-stem-topiary-bay-tree-laurel-ball-style-in-black-plastic-pot-green-twist-120cm-4ft/
Fake Bay Tree,Olive Grove Set of 2-1.6M Tall Artificial Bay Trees With Pots,https://www.fake-plants.co.uk/product/olive-grove-set-of-2-1-6m-tall-artificial-bay-trees-with-pots/
Artificial Laurel Tree,Red Hot Plants PAIR of Artificial Bay Laurel Trees – 1.2m high tree with real wood trunk and natural leaf.,https://www.fake-plants.co.uk/product/red-hot-plants-pair-of-artificial-bay-laurel-trees-1-2m-high-tree-with-real-wood-trunk-and-natural-leaf/
Fake Banana Trees,"artplants.de Artificial Banana tree AMARU, 6ft/180cm – Fake tree",https://www.fake-plants.co.uk/product/artplants-de-artificial-banana-tree-amaru-6ft-180cm-fake-tree/
Fake Banana Trees,"artplants.de Faux Banana plant BAGHEERA, 6ft/180cm – Silk banana tree/Artificial banana plant",https://www.fake-plants.co.uk/product/artplants-de-faux-banana-plant-bagheera-6ft-180cm-silk-banana-tree-artificial-banana-plant/
Fake Banana Trees,vidaXL Artificial Banana Tree Plant with Pot 150cm Green Fake Lifelike Indoor,https://www.fake-plants.co.uk/product/vidaxl-artificial-banana-tree-plant-with-pot-150cm-green-fake-lifelike-indoor/
Fake Orange Tree,Closer to Nature Artificial 3ft 3″ Orange Tree – Artificial Silk Plant and Tree Range,https://www.fake-plants.co.uk/product/closer-to-nature-artificial-3ft-3-orange-tree-artificial-silk-plant-and-tree-range/
Fake Orange Tree,Closer2Nature FT044OW Artificial 1ft 3” Mini Orange Tree,https://www.fake-plants.co.uk/product/closer2nature-ft044ow-artificial-1ft-3-mini-orange-tree/
Fake Bonsai Trees,14.1″ Artificial Bonsai Tree Fake Plant Japanese Bonsai Decoration Potted Faux Pine Plants Bonsai Tree for Indoor/Outdoor Home Office Hotel Décor,https://www.fake-plants.co.uk/product/14-1-artificial-bonsai-tree-fake-plant-japanese-bonsai-decoration-potted-faux-pine-plants-bonsai-tree-for-indoor-outdoor-home-office-hotel-decor/
Fake Bonsai Trees,"Artificial Bonsai Tree Artificial Bonsai Welcoming Pine Tree Simulation Potted Plant Decorative Bonsai, Desk Display Fake Tree in Ceramic Pot for Home, Office, Shop Decorative Gifts Simulation Tree",https://www.fake-plants.co.uk/product/artificial-bonsai-tree-artificial-bonsai-welcoming-pine-tree-simulation-potted-plant-decorative-bonsai-desk-display-fake-tree-in-ceramic-pot-for-home-office-shop-decorative-gifts-simulation-tree/
Fake Bonsai Trees,"Artificial Bonsai Tree, 50cm",https://www.fake-plants.co.uk/product/artificial-bonsai-tree-50cm/
Fake Bonsai Trees,Artificial Bonsai Tree/Welcome Bonsai Simulation Welcoming Pine Artificial Tree Artificial Bonsai Green Plant Potted Plant Indoor New Chinese Style Living Room Coffee Table Decoration Ornaments Faux P,https://www.fake-plants.co.uk/product/artificial-bonsai-tree-welcome-bonsai-simulation-welcoming-pine-artificial-tree-artificial-bonsai-green-plant-potted-plant-indoor-new-chinese-style-living-room-coffee-table-decoration-ornaments-faux-p/
Fake Bonsai Trees,"artplants.de Artificial Bonsai Tree Pine in planter, 210 needles, 20″/50cm, outdoor – Silk Bonsai/Bonsai Replica",https://www.fake-plants.co.uk/product/artplants-de-artificial-bonsai-tree-pine-in-planter-210-needles-20-50cm-outdoor-silk-bonsai-bonsai-replica/
Fake Bonsai Trees,"KOET Artificial Bonsai Pine Tree,11Inch Faux Potted Plant Desk Display Fake Tree Pot Ornaments, Japanese Cedar Bonsai Plant for Home, Office Decoration",https://www.fake-plants.co.uk/product/koet-artificial-bonsai-pine-tree11inch-faux-potted-plant-desk-display-fake-tree-pot-ornaments-japanese-cedar-bonsai-plant-for-home-office-decoration/
Fake Olive Tree,"Leaf LEAF-7148 Artificial Olive Topiary Fruit Tree Black Plastic Pot Design UK, 90cm (3ft)",https://www.fake-plants.co.uk/product/leaf-leaf-7148-artificial-olive-topiary-fruit-tree-black-plastic-pot-design-uk-90cm-3ft/
Fake Olive Tree,"Leaf LEAF-7149 Artificial Olive Topiary Fruit Tree Black Plastic Pot-by Design UK, 120cm (4ft)",https://www.fake-plants.co.uk/product/leaf-leaf-7149-artificial-olive-topiary-fruit-tree-black-plastic-pot-by-design-uk-120cm-4ft/
Fake Bay Tree,Olive Grove Set of 2-1.6M Tall Artificial Bay Trees With Pots,https://www.fake-plants.co.uk/product/olive-grove-set-of-2-1-6m-tall-artificial-bay-trees-with-pots/
Artificial Cone Tree,INMOZATA Pair of Artificial Topiary Pyramid Cone Tree Boxwood Plant High for Garden Indoors Outdoor (120cm),https://www.fake-plants.co.uk/product/inmozata-pair-of-artificial-topiary-pyramid-cone-tree-boxwood-plant-high-for-garden-indoors-outdoor-120cm/
Fake Palm Trees,Best Artificial 150cm / 5ft Areca Palm Tree Tropical Office Conservatory Indoor Outdoor Garden Plant,https://www.fake-plants.co.uk/product/best-artificial-150cm-5ft-areca-palm-tree-tropical-office-conservatory-indoor-outdoor-garden-plant/
Fake Palm Trees,Best Artificial Spider Finger Palm Tree Tropical Office Conservatory Indoor Outdoor Garden Plant … (3ft / 90cm),https://www.fake-plants.co.uk/product/best-artificial-spider-finger-palm-tree-tropical-office-conservatory-indoor-outdoor-garden-plant-3ft-90cm/
Fake Palm Trees,INMOZATA Artificial Areca Palm Tree Tropcial Plant Decorative Plants in Pot for Indoor Outdoor Garden 130cm,https://www.fake-plants.co.uk/product/inmozata-artificial-areca-palm-tree-tropcial-plant-decorative-plants-in-pot-for-indoor-outdoor-garden-130cm/
Fake Palm Trees,"Leaf LEAF-7075 Design UK Realistic Extra Large Artificial Princess Palm Tree, 100cm Brown Trunk",https://www.fake-plants.co.uk/product/leaf-leaf-7075-design-uk-realistic-extra-large-artificial-princess-palm-tree-100cm-brown-trunk/
Fake Palm Trees,"Leaf LEAF-7107 90cm Artificial Areca Palm Tree-Large, Green",https://www.fake-plants.co.uk/product/leaf-leaf-7107-90cm-artificial-areca-palm-tree-large-green/
Fake Pineapple Trees & Plants,Best Artificial 30cm x 15cm Large Realistic Pineapple Fruit,https://www.fake-plants.co.uk/product/best-artificial-30cm-x-15cm-large-realistic-pineapple-fruit/
Fake Pineapple Trees & Plants,BUZZ Miniature Artificial Pineapple Plant/Succulent/Houseplant in White Pineapple Shape Ceramic Plant Pot with Pebble Detail – 12cm,https://www.fake-plants.co.uk/product/buzz-miniature-artificial-pineapple-plant-succulent-houseplant-in-white-pineapple-shape-ceramic-plant-pot-with-pebble-detail-12cm/
Fake Pineapple Trees & Plants,"Geko Artificial Pineapple Tree 68cm, Green, Large, One Size",https://www.fake-plants.co.uk/product/geko-artificial-pineapple-tree-68cm-green-large-one-size/
Fake Pineapple Trees & Plants,"Lvydec Potted Artificial Succulent Decoration, Fake Pineapple Plant for Home Office Tabletop Decoration (White)",https://www.fake-plants.co.uk/product/lvydec-potted-artificial-succulent-decoration-fake-pineapple-plant-for-home-office-tabletop-decoration-white/
Fake Pyramid Trees,2 x Artificial Boxwood Topiary Pyramid Trees in Black Square Planter (4ft/120cm),https://www.fake-plants.co.uk/product/2-x-artificial-boxwood-topiary-pyramid-trees-in-black-square-planter-4ft-120cm/
Artificial Cone Tree,2 x Artificial Trees 3ft Pyramid Cones – Indoor artificial trees – Topiary trees,https://www.fake-plants.co.uk/product/2-x-artificial-trees-3ft-pyramid-cones-indoor-artificial-trees-topiary-trees/
Artificial Cone Tree,Artificial Tree: 3ft Pyramid Cone,https://www.fake-plants.co.uk/product/artificial-tree-3ft-pyramid-cone/
Fake Bay Tree,FabFinds Artificial Topiary Tree Pyramid Bay Potted Tree Plant for Garden Patio Outdoor and Indoors – 70cm Tall,https://www.fake-plants.co.uk/product/fabfinds-artificial-topiary-tree-pyramid-bay-potted-tree-plant-for-garden-patio-outdoor-and-indoors-70cm-tall/
Artificial Cone Tree,INMOZATA Pair of Artificial Topiary Pyramid Cone Tree Boxwood Plant High for Garden Indoors Outdoor (120cm),https://www.fake-plants.co.uk/product/inmozata-pair-of-artificial-topiary-pyramid-cone-tree-boxwood-plant-high-for-garden-indoors-outdoor-120cm/
Artificial Topiary Trees,2 x Artificial Topiary Boxwood Spiral Trees (5ft/150cm),https://www.fake-plants.co.uk/product/2-x-artificial-topiary-boxwood-spiral-trees-5ft-150cm/
Artificial Buxus Tree,Best Artificial 3ft 90cm Boxwood Buxus Topiary Spiral Tree **UV Fade Protected**,https://www.fake-plants.co.uk/product/best-artificial-3ft-90cm-boxwood-buxus-topiary-spiral-tree-uv-fade-protected/
Artificial Laurel Tree,Red Hot Plants PAIR of Artificial Bay Laurel Trees – 1.2m high tree with real wood trunk and natural leaf.,https://www.fake-plants.co.uk/product/red-hot-plants-pair-of-artificial-bay-laurel-trees-1-2m-high-tree-with-real-wood-trunk-and-natural-leaf/
Artificial Agapanthus Plants,"artplants.de Artificial agapanthus NASH, blue, 30″/75cm – Fake agapanthus",https://www.fake-plants.co.uk/product/artplants-de-artificial-agapanthus-nash-blue-30-75cm-fake-agapanthus/
Fake Taro Trees,"Geko Artificial Taro Tree with 3 Trunks 150cm, Green, Large, One Size",https://www.fake-plants.co.uk/product/geko-artificial-taro-tree-with-3-trunks-150cm-green-large-one-size/
Fake Evergreen Trees,"momoplant Artificial Indoor Plant Decor, 47inch/120cm Evergreen Taro Palm Tree for Home Office",https://www.fake-plants.co.uk/product/momoplant-artificial-indoor-plant-decor-47inch-120cm-evergreen-taro-palm-tree-for-home-office/
Artificial Christmas Trees,Premier 7ft Deluxe Silver Tipped Fir Artificial Christmas Tree,https://www.fake-plants.co.uk/product/premier-7ft-deluxe-silver-tipped-fir-artificial-christmas-tree/
Artificial Christmas Trees,"WeRChristmas Nordmann Fir Christmas Tree – 6 feet/1.8 m, Green",https://www.fake-plants.co.uk/product/werchristmas-nordmann-fir-christmas-tree-6-feet-1-8-m-green/
Artificial Cheese Plant,"artplants.de Fake philodendron selloum SILAS, 80cm – Artificial cheese plant/Faux monstera plant",https://www.fake-plants.co.uk/product/artplants-de-fake-philodendron-selloum-silas-80cm-artificial-cheese-plant-faux-monstera-plant/
Artificial Cheese Plant,"artplants.de Plastic Split Philodendron seedling, 4 leaves, potted, 4ft/120cm – Cheese plant/Artificial philodendron",https://www.fake-plants.co.uk/product/artplants-de-plastic-split-philodendron-seedling-4-leaves-potted-4ft-120cm-cheese-plant-artificial-philodendron/
Artificial Cheese Plant,Garden Market Place 1.2M Tall Artificial Cheese Plant (Monstera) Complete With 34cm Granite effect planter,https://www.fake-plants.co.uk/product/garden-market-place-1-2m-tall-artificial-cheese-plant-monstera-complete-with-34cm-granite-effect-planter/
Artificial Christmas Trees,CCINEE 2 Pieces 35.4″ Artificial Ivy Hanging Vine Plant Leaves Garland for Christmas Wedding Party Garden Wall Decoration,https://www.fake-plants.co.uk/product/ccinee-2-pieces-35-4-artificial-ivy-hanging-vine-plant-leaves-garland-for-christmas-wedding-party-garden-wall-decoration/
Artificial Hanging Plants,"CQURE 24 Pack 168Ft Artificial Ivy Garland,Ivy Garland Fake vine UV Resistant Green Leaves Fake Plants Hanging Vine Plant for Wedding Party Garden Wall Decoration",https://www.fake-plants.co.uk/product/cqure-24-pack-168ft-artificial-ivy-garlandivy-garland-fake-vine-uv-resistant-green-leaves-fake-plants-hanging-vine-plant-for-wedding-party-garden-wall-decoration/
Artificial Ivy Plants,"MARTHA&IVAN Artificial Ivy –M&I Design 14 Pack 115Ft, Fake Ivy Garland Decorations,Fake Plants,Fake Vine,Vine Decoration for Wedding,Party, Garden, Home Decoration (14 Pack Ivy)",https://www.fake-plants.co.uk/product/marthaivan-artificial-ivy-mi-design-14-pack-115ft-fake-ivy-garland-decorationsfake-plantsfake-vinevine-decoration-for-weddingparty-garden-home-decoration-14-pack-ivy/
Artificial Hanging Plants,"Mocoosy 2 Pack Artificial Hanging Plants with Baskets, Fake Hanging Ivy Vine Wall Hanging Plants Greenery for Home Garden Room Wedding Decorations",https://www.fake-plants.co.uk/product/mocoosy-2-pack-artificial-hanging-plants-with-baskets-fake-hanging-ivy-vine-wall-hanging-plants-greenery-for-home-garden-room-wedding-decorations/
Artificial Christmas Trees,SMALUCK 24 Pack 168 Ft Artificial Ivy Garland Fake Ivy Vine Hanging Plant for Christmas Decorations Wedding Garland Fake Foliage Flowers Home Kitchen Garden Office Wedding Wall Decor,https://www.fake-plants.co.uk/product/smaluck-24-pack-168-ft-artificial-ivy-garland-fake-ivy-vine-hanging-plant-for-christmas-decorations-wedding-garland-fake-foliage-flowers-home-kitchen-garden-office-wedding-wall-decor/
Artificial Hanging Plants,SPTwj 2 Pack Artificial Ivy Vine Artificial Plants Fake Ivy Hanging Home garden Office Outdoor Indoor Decor Red,https://www.fake-plants.co.uk/product/sptwj-2-pack-artificial-ivy-vine-artificial-plants-fake-ivy-hanging-home-garden-office-outdoor-indoor-decor-red/
Fake Bamboo Trees,vidaXL Artificial Bamboo Tree with Pot 80 cm Fake Plant Arrangement Home Decor,https://www.fake-plants.co.uk/product/vidaxl-artificial-bamboo-tree-with-pot-80-cm-fake-plant-arrangement-home-decor/
Artificial Wisteria Plant,"GreenBrokers Premium Artificial Lilac Wisteria Tree 150 cm Potted Plant, Purple",https://www.fake-plants.co.uk/product/greenbrokers-premium-artificial-lilac-wisteria-tree-150-cm-potted-plant-purple/
Artificial Wisteria Plant,Pauwer 24 Pieces Artificial Flowers Fake Wisteria Garland Hanging Wisteria Silk Flowers for Home Decoration Weddings Home Garden Party,https://www.fake-plants.co.uk/product/pauwer-24-pieces-artificial-flowers-fake-wisteria-garland-hanging-wisteria-silk-flowers-for-home-decoration-weddings-home-garden-party/
Artificial Wisteria Plant,"Tifuly 12 Pcs Artificial Wisteria Vines, 3.6 FT Fake Wisterias with 3 Branches, Long Wall Garland Silk Hanging Flower for Home Party Wedding Ceiling Decoration(12Pcs,Off-White)",https://www.fake-plants.co.uk/product/tifuly-12-pcs-artificial-wisteria-vines-3-6-ft-fake-wisterias-with-3-branches-long-wall-garland-silk-hanging-flower-for-home-party-wedding-ceiling-decoration12pcsoff-white/
Artificial Wisteria Plant,VINFUTUR 5 x 7 FT Artificial Wisteria Vine Garland Plants Fake Flowers Hanging Garland for Home Party Garden Wedding Decoration (Purple),https://www.fake-plants.co.uk/product/vinfutur-5-x-7-ft-artificial-wisteria-vine-garland-plants-fake-flowers-hanging-garland-for-home-party-garden-wedding-decoration-purple/
Artificial Wisteria Plant,XHXSTORE 12PCS 3.6 Feet Wisteria Artificial Flowers Hanging Wisteria Garland Fake Wisteria Vine Ratta Faux Silk Wisteria Ivy Hanging Flower Wedding Garden Home Party Hotel Decor White,https://www.fake-plants.co.uk/product/xhxstore-12pcs-3-6-feet-wisteria-artificial-flowers-hanging-wisteria-garland-fake-wisteria-vine-ratta-faux-silk-wisteria-ivy-hanging-flower-wedding-garden-home-party-hotel-decor-white/
Fake Agave Plants,"Nearly Natural 6565 Agave Decorative Silk Plant, Green,25x25x25",https://www.fake-plants.co.uk/product/nearly-natural-6565-agave-decorative-silk-plant-green25x25x25/
Fake Agave Plants,"Nearly Natural Agave with Black Planter Artificial Plant, Green",https://www.fake-plants.co.uk/product/nearly-natural-agave-with-black-planter-artificial-plant-green/
Fake Bonsai Trees,"Leaf 45cm Artificial Bonsai Tree, Twisted Ficus Bosai",https://www.fake-plants.co.uk/product/leaf-45cm-artificial-bonsai-tree-twisted-ficus-bosai/
Fake Bonsai Trees,LOFAMI Artificial Plants Bonsai Tree Fake Bonsai Artificial Bonsai Tree Welcoming Pine Bonsai Decoration Stone Model House Porch Micro Landscape Green Plant Ceramic Pot Decoration Artificial Bonsai,https://www.fake-plants.co.uk/product/lofami-artificial-plants-bonsai-tree-fake-bonsai-artificial-bonsai-tree-welcoming-pine-bonsai-decoration-stone-model-house-porch-micro-landscape-green-plant-ceramic-pot-decoration-artificial-bonsai/
Fake Bonsai Trees,"Nearly Natural 4966 Cedar Bonsai Artificial Tree, 15-Inch, Green",https://www.fake-plants.co.uk/product/nearly-natural-4966-cedar-bonsai-artificial-tree-15-inch-green/
Fake Bonsai Trees,"xinxinchaoshi Artificial Plants Artificial Rhododendron Tree Faux Bonsai Tree Faux Potted Houseplant Pebbles, Green, Home Decoration Gifts Indoor House Plant (Color : B)",https://www.fake-plants.co.uk/product/xinxinchaoshi-artificial-plants-artificial-rhododendron-tree-faux-bonsai-tree-faux-potted-houseplant-pebbles-green-home-decoration-gifts-indoor-house-plant-color-b/
Fake Bonsai Trees,"Yyqx Artificial Plants Artificial Bonsai Pine Tree Desk Display Fake Tree and Lucky Elephant Decorative Sculpture Realistic Faux Potted Plant for Home, Office Decoration Artificial House Plants",https://www.fake-plants.co.uk/product/yyqx-artificial-plants-artificial-bonsai-pine-tree-desk-display-fake-tree-and-lucky-elephant-decorative-sculpture-realistic-faux-potted-plant-for-home-office-decoration-artificial-house-plants/
Artificial Trailing Plants,FUJIE 2 Pcs Artificial Ivy Vine Artificial Plants Fake Ivy Hanging Garland Trailing Bracket plant for Outdoor Indoor Hanging Basket Decor,https://www.fake-plants.co.uk/product/fujie-2-pcs-artificial-ivy-vine-artificial-plants-fake-ivy-hanging-garland-trailing-bracket-plant-for-outdoor-indoor-hanging-basket-decor/
Artificial Trailing Plants,Hawesome artificial Hanging Plant Ivy Vines Trailing Plant Ivy Garland Wall Leaves Greenery Garden Decoration 1 Set without basket,https://www.fake-plants.co.uk/product/hawesome-artificial-hanging-plant-ivy-vines-trailing-plant-ivy-garland-wall-leaves-greenery-garden-decoration-1-set-without-basket/
Artificial Trailing Plants,HUAESIN 2 Pcs Artificial Trailing Plants Face Trailing Ivy Plants Fake Silk Hanging Willow Leaves Ivy Vine Plastic Faux False Weeping Drooping Plants House Wedding Garden Wall In/Outdoor Decor,https://www.fake-plants.co.uk/product/huaesin-2-pcs-artificial-trailing-plants-face-trailing-ivy-plants-fake-silk-hanging-willow-leaves-ivy-vine-plastic-faux-false-weeping-drooping-plants-house-wedding-garden-wall-in-outdoor-decor/
Artificial Trailing Plants,KingYH 2 Pack Artificial Hanging Vines Plants Plastic Fake Trailing Weeping Ivy Vine Greenery Drooping Plant for Wall Indoor Outside Garden Wedding Hanging Pot Basket Decoration,https://www.fake-plants.co.uk/product/kingyh-2-pack-artificial-hanging-vines-plants-plastic-fake-trailing-weeping-ivy-vine-greenery-drooping-plant-for-wall-indoor-outside-garden-wedding-hanging-pot-basket-decoration/
Artificial Trailing Plants,KingYH 2 Pack Artificial Trailing Hanging Plants Green Leaves Ivy Faux Plastic Fake Hanging Garland Ivy Vine for Home Garden Wedding Wall Hanging Basket Decoration,https://www.fake-plants.co.uk/product/kingyh-2-pack-artificial-trailing-hanging-plants-green-leaves-ivy-faux-plastic-fake-hanging-garland-ivy-vine-for-home-garden-wedding-wall-hanging-basket-decoration/
Fake Aloe Vera Plants,Best Artificial 60cm 2ft Aloe Vera Plant Indoor Outdoor Tropical Office Conservatory Garden Tree,https://www.fake-plants.co.uk/product/best-artificial-60cm-2ft-aloe-vera-plant-indoor-outdoor-tropical-office-conservatory-garden-tree/
Fake Aloe Vera Plants,"Wrenbury Artificial Aloe Vera Plant in White Plant Pot, 30cm | Reversible Stand | Luxury Artificial Plant Fake Plants | Decorative Home Decor Indoor Succulent Plant Pot",https://www.fake-plants.co.uk/product/wrenbury-artificial-aloe-vera-plant-in-white-plant-pot-30cm-reversible-stand-luxury-artificial-plant-fake-plants-decorative-home-decor-indoor-succulent-plant-pot/
Fake Caladium Plant,Tidyard Artificial Plant Caladium Tree with Pot Outdoor&Indoors Plant Bonsai Display in Home 70 cm Green and Red,https://www.fake-plants.co.uk/product/tidyard-artificial-plant-caladium-tree-with-pot-outdoorindoors-plant-bonsai-display-in-home-70-cm-green-and-red/
Fake Caladium Plant,vidaXL Artificial Caladium Plant with Pot 70cm Green and Red Lifelike Fake,https://www.fake-plants.co.uk/product/vidaxl-artificial-caladium-plant-with-pot-70cm-green-and-red-lifelike-fake/
Fake Spiral Trees,"Leaf Design UK Artificial Boxwood Spiral Trees with Metal Tips, Mixed Materials, Green, 90cm",https://www.fake-plants.co.uk/product/leaf-design-uk-artificial-boxwood-spiral-trees-with-metal-tips-mixed-materials-green-90cm/
Fake Spiral Trees,"Leaf LEAF-7164 Artificial Boxwood Tower Tree Topiary Spiral Twist Metal Top Design UK, 120cm (4Ft) Tall",https://www.fake-plants.co.uk/product/leaf-leaf-7164-artificial-boxwood-tower-tree-topiary-spiral-twist-metal-top-design-uk-120cm-4ft-tall/
Artificial Buxus Tree,"momoplant 2 Set Artificial Spiral Boxwood Topiary Trees, 3 Ft / 90cm Realistic Buxus for Outdoor and Indoor Decor with Black Pot",https://www.fake-plants.co.uk/product/momoplant-2-set-artificial-spiral-boxwood-topiary-trees-3-ft-90cm-realistic-buxus-for-outdoor-and-indoor-decor-with-black-pot/
Fake Spiral Trees,momoplant 35 Inch Spiral Topiary Artificial Outdoor Artificial Topiary Tree Faux Topiaries swirl Tree Indoor Boxwood Spiral Topiary Trees 2 Pack,https://www.fake-plants.co.uk/product/momoplant-35-inch-spiral-topiary-artificial-outdoor-artificial-topiary-tree-faux-topiaries-swirl-tree-indoor-boxwood-spiral-topiary-trees-2-pack/
Artificial Buxus Tree,momoplant Set of 2 UV Artificial Milan Tree，Artificial Spiral Boxwood Topiary Tree，Pair of 80cm Faux Buxus Plant for Outdoor Indoor Decor,https://www.fake-plants.co.uk/product/momoplant-set-of-2-uv-artificial-milan-tree%ef%bc%8cartificial-spiral-boxwood-topiary-tree%ef%bc%8cpair-of-80cm-faux-buxus-plant-for-outdoor-indoor-decor/
Fake Palm Trees,Outsunny 140cm/4.6FT Artificial Palm Plant Decorative Tree w/ 20 Leaves Nursery Pot Fake Plastic Indoor Outdoor Greenery Home Office Décor,https://www.fake-plants.co.uk/product/outsunny-140cm-4-6ft-artificial-palm-plant-decorative-tree-w-20-leaves-nursery-pot-fake-plastic-indoor-outdoor-greenery-home-office-decor/
Fake Palm Trees,Outsunny Artificial Palm Tree,https://www.fake-plants.co.uk/product/outsunny-125cm-4ft-artificial-palm-plant-decorative-tree-w-18-leaves-nursery-pot-fake-plastic-indoor-outdoor-greenery-home-office-decor/
Artificial Hanging Plants,SPTwj 2 Pack Artificial Ivy Vine Artificial Plants Fake Ivy Hanging Home Office Outdoor Indoor Decor Total length of about 77 cm Purple,https://www.fake-plants.co.uk/product/sptwj-2-pack-artificial-ivy-vine-artificial-plants-fake-ivy-hanging-home-office-outdoor-indoor-decor-total-length-of-about-77-cm-purple/
Artificial Hanging Plants,SPTwj 2 Pack Artificial Ivy Vine Artificial Plants Fake Ivy Hanging Home Office Outdoor Indoor Decor Total length of about 77 cm yellow,https://www.fake-plants.co.uk/product/sptwj-2-pack-artificial-ivy-vine-artificial-plants-fake-ivy-hanging-home-office-outdoor-indoor-decor-total-length-of-about-77-cm-yellow/
Artificial Hanging Plants,"Warmiehomy Artificial Plants Wisteria Ivy Vine Hanging Fake Flower Vine Greenery Garland for Wedding Party Home Wall Balcony Outdoor Summer Decoration, Hot Pink",https://www.fake-plants.co.uk/product/warmiehomy-artificial-plants-wisteria-ivy-vine-hanging-fake-flower-vine-greenery-garland-for-wedding-party-home-wall-balcony-outdoor-summer-decoration-hot-pink/
Artificial Hanging Plants,YGSAT 2 PCS Hanging Garland Vine Flower Trailing Bracket plant| Artificial Ivy|Artificial Flowers Fake Wisteria Office Decoration Home Decoration Party Decoration Wedding Decoration-Green,https://www.fake-plants.co.uk/product/ygsat-2-pcs-hanging-garland-vine-flower-trailing-bracket-plant-artificial-ivyartificial-flowers-fake-wisteria-office-decoration-home-decoration-party-decoration-wedding-decoration-green/
Fake Anthurium Plant,"artplants.de Artificial Anthurium with 3 blooms, 25 leaves, 31″/80cm – Plastic flower anthurium/Artificial plant",https://www.fake-plants.co.uk/product/artplants-de-artificial-anthurium-with-3-blooms-25-leaves-31-80cm-plastic-flower-anthurium-artificial-plant/
Fake Anthurium Plant,"Nearly Natural 24” Mixed Anthurium (Set of 2) Artificial Plant, Red",https://www.fake-plants.co.uk/product/nearly-natural-24-mixed-anthurium-set-of-2-artificial-plant-red/
Fake Anthurium Plant,Nearly Natural Anthurium Artificial Terracotta Planter Silk Plants Red,https://www.fake-plants.co.uk/product/nearly-natural-anthurium-artificial-terracotta-planter-silk-plants-red/
Artificial Trailing Plants,MIHOUNION 2pcs Fake Trailing Climbing Plants Artificial Hanging Ferns Plant Plastic Hanging Greenery kimberly Queen Boston Fern for Wall Indoor Outside Hanging Basket Decor,https://www.fake-plants.co.uk/product/mihounion-2pcs-fake-trailing-climbing-plants-artificial-hanging-ferns-plant-plastic-hanging-greenery-kimberly-queen-boston-fern-for-wall-indoor-outside-hanging-basket-decor/
Artificial Trailing Plants,NUHUAA 2Pcs Artificial Hanging Plants Spring Fake Ivy Hanging Purple Plastic Fake Trailing Weeping Artificial Plant for Wall Indoor Outdoor Garden Wedding Hanging Decoration 75cm/29. 5Inch,https://www.fake-plants.co.uk/product/nuhuaa-2pcs-artificial-hanging-plants-spring-fake-ivy-hanging-purple-plastic-fake-trailing-weeping-artificial-plant-for-wall-indoor-outdoor-garden-wedding-hanging-decoration-75cm-29-5inch/
